<?xml version="1.0" encoding="UTF-8" ?>
<!DOCTYPE mapper
        PUBLIC "-//mybatis.org//DTD Mapper 3.0//EN"
        "http://mybatis.org/dtd/mybatis-3-mapper.dtd">
<mapper namespace="com.ssafy.happyhouse.model.mapper.BoardMapper">

   <!-- 게시글 전체 조회 -->
   <select id="selectBoard" resultType="board">
      select articleNo, userId, subject, content, hit, regtime
      from board
      order by articleNo desc
   </select>
   
   <!-- 게시글 상세 조회 -->
   <select id="selectBoardByNo" resultType="board">
      select articleNo, userId, subject, content, hit, regtime
      from board 
      where articleNo = #{articleNo}
   </select>

   <!-- 게시글 등록 -->
   <insert id="insertBoard" parameterType="board">
      insert into board(
         subject, userId, content
      ) values (
         #{subject}, #{userId}, #{content}
      )
   </insert>
   
   <!-- 게시글 수정 -->
   <update id="updateBoard" parameterType="board">
      update board 
         set subject = #{subject}, 
               userId = #{userId}, 
               content = #{content}
       where articleNo = #{articleNo}
   </update>

   <!-- 게시글 삭제 -->
   <delete id="deleteBoard" parameterType="int">
      delete 
        from board 
       where articleNo = #{articleNo}
   </delete>

   <sql id="search">
      <if test="word != null and word != ''">
         <if test="key == 'subject'">
            <where>subject like concat('%', #{word}, '%')</where>
         </if>
         <if test="key == 'content'">
            <where>content like concat('%', #{word}, '%')</where>
         </if>
         <if test="key == 'userId'">
            <where>userId = #{word}</where>
         </if>
      </if>
   </sql>
   
   <!-- 아이디, 제목, 내용으로 검색-->
   <select id="searchBoard" resultType="board" parameterType="SearchDto">
      select articleNo, subject, userId, content, hit, regtime
      from board
      <include refid="search"></include>
      order by articleNo desc
      limit #{currentPage}, 5
   </select>
   
   <select id="searchCount" resultType="int" parameterType="SearchDto">
      select count(*)
      from board
      <include refid="search"></include>
   </select>
   
   <select id="boardCount" resultType="int">
      select count(*)
      from board
   </select>
   
   <select id="selectBoardPagination" parameterType="int" resultType="board">
      select articleNo, userId, subject, content, hit, regtime
      from board
      order by articleNo desc
      limit #{currentPage}, 5
   </select>
</mapper>
