<?xml version="1.0" encoding="UTF-8" ?>
<!DOCTYPE mapper
        PUBLIC "-//mybatis.org//DTD Mapper 3.0//EN"
        "http://mybatis.org/dtd/mybatis-3-mapper.dtd">
<mapper namespace="com.ssafy.happyhouse.model.mapper.CommentMapper">
	<select id="getCommentList" parameterType="int" resultType="CommentDto">
		select *
		from comment
		where articleNo = #{articleNo}
	</select>
	
	<insert id="insertComment" parameterType="CommentDto">
		insert into comment (articleNo, userId, content)
		values (#{articleNo}, #{userId}, #{content})
	</insert>
	
	<delete id="deleteComment" parameterType="int">
		delete from comment
		where commentNo = #{commentNo}
	</delete>
	
	<update id="updateComment" parameterType="CommentDto">
		update comment
		set content = #{content}
    	where commentNo = #{commentNo}
	</update>
</mapper>