<?xml version="1.0" encoding="UTF-8"?>
<!DOCTYPE mapper PUBLIC "-//mybatis.org//DTD Mapper 3.0//EN" 
	"http://mybatis.org/dtd/mybatis-3-mapper.dtd">
	
<mapper namespace="com.ssafy.happyhouse.model.mapper.HouseMapper">

	<select id="dealList" parameterType="string" resultType="HouseDealDto">
		select a.aptCode as aptCode, b.dongCode as dongCode, b.aptName as aptName, concat(b.dongName, ' ', b.jibun) as address, a.dealAmount as dealAmount, a.dealYear as dealYear, a.dealMonth as dealMonth, a.dealDay as dealDay, a.area as area, a.floor as floor, a.type as type
		from housedeal a inner join houseinfo b
		on a.aptCode = b.aptCode
		where b.dongCode = #{dongCode}
		order by cast(a.dealAmount as unsigned)
	</select>
	
	<select id="detailList" parameterType="string" resultType="HouseDealDto">
		select a.aptCode as aptCode, b.dongCode as dongCode, b.aptName as aptName, concat(b.dongName, ' ', b.jibun) as address, a.dealAmount as dealAmount, a.dealYear as dealYear, a.dealMonth as dealMonth, a.dealDay as dealDay, a.area as area, a.floor as floor, a.type as type
		from housedeal a inner join houseinfo b
		on a.aptCode = b.aptCode
		where b.dongCode = #{dongCode} and b.aptName = #{aptName}
	</select>

	<select id="pageList" parameterType="Criteria" resultType="HouseDealDto">		
		select *
		from 
		(select a.aptCode as aptCode, b.dongCode as dongCode, b.aptName as aptName, concat(b.dongName, ' ', b.jibun) as address, a.dealAmount as dealAmount, a.dealYear as dealYear, a.dealMonth as dealMonth, a.dealDay as dealDay, a.area as area, a.floor as floor, a.type as type
				from housedeal a inner join houseinfo b
				on a.aptCode = b.aptCode
				where b.dongCode = #{dongCode}
		        order by cast(a.dealAmount as unsigned) ) list
		limit #{start}, #{perPageNum}
	</select> 
	
	<select id="getListCnt" parameterType="string" resultType="int">		
		select count(*)
		from 
		(select a.aptCode as aptCode, b.dongCode as dongCode, b.aptName as aptName, concat(b.dongName, ' ', b.jibun) as address, a.dealAmount as dealAmount, a.dealYear as dealYear, a.dealMonth as dealMonth, a.dealDay as dealDay, a.area as area, a.floor as floor, a.type as type
				from housedeal a inner join houseinfo b
				on a.aptCode = b.aptCode
				where b.dongCode = #{dongCode}
		        order by cast(a.dealAmount as unsigned) ) list
	</select>
	
	<select id="aptList" parameterType="string" resultType="HouseInfoDto">		
		select * 
		from houseinfo
		where dongCode = #{dongCode}
	</select>
	
	<select id="aptDealList" parameterType="int" resultType="HouseDealDto">		
		select * 
		from housedeal
		where aptNo = #{aptNo}
		order by dealYear desc, dealMonth desc, dealDay desc;
	</select>
	
	<select id="getInterestList" parameterType="string" resultType="HouseInfoDto">
      select *
	  from houseinfo
	  where aptNo in (
		select aptNo
		from interest
		where userId = #{userId}
	  )
   </select>
   
   <select id="getInterest" parameterType="map" resultType="int">
      select count(*)
      from interest
      where userId = #{userId} and aptNo=#{aptNo}
   </select>
   
   <insert id="insertInterest" parameterType="map">
	  insert into interest
	  values (#{userId}, #{aptNo})
   </insert>
   
   <delete id="deleteInterest" parameterType="map">
	  delete from interest
	  where userId = #{userId} and aptNo=#{aptNo}
   </delete>
   
   <select id="getMaxDealAmount" resultType="string" >
    select max(dealAmount)
	from housedeal
	where dealYear="2022" and dealMonth="1"
	group by dealAmount
	order by max(dealAmount) desc
	limit 1
   </select>
   
   <select id="getMostInterest" resultType="string" >
	select concat(dongName, " ", aptName)
	from houseinfo
	where aptNo = (
	select aptNo
	from interest
	group by aptNo
	order by count(aptNo) desc
	limit 1
	)
   </select>
</mapper>