<?xml version="1.0" encoding="UTF-8" ?>
<!DOCTYPE mapper PUBLIC "-//mybatis.org//DTD Mapper 3.0//EN" 
	"http://mybatis.org/dtd/mybatis-3-mapper.dtd">

<mapper namespace="com.ssafy.happyhouse.model.mapper.HouseMapMapper">

	<select id="getSido" resultType="SidoGugunCodeDto">
		select left(sidoCode,2) sidoCode, sidoName
		from sidocode
		order by sidoCode
	</select>
	
	<select id="getGugunInSido" parameterType="string" resultType="SidoGugunCodeDto">
		select left(gugunCode,5) gugunCode, gugunName
		from guguncode
		where left(gugunCode,2) = #{sido}
		order by gugunCode
	</select>
	
	<select id="getDongInGugun" parameterType="string" resultType="SidoGugunCodeDto">
		select *
		from dongcode
		where gugunCode = #{gugun};
	</select>
	
	<select id="getAptInDong" parameterType="string" resultType="HouseDealDto">
		select a.aptCode, b.dongCode, b.aptName, concat(b.dongName, ' ', b.jibun) as address, a.dealAmount, a.dealYear, a.dealMonth, a.dealDay, a.area, a.floor, a.type
		from housedeal a inner join houseinfo b
		on a.aptCode = b.aptCode
		where b.dongCode = #{dong};
	</select>
	
	<select id="getAddress" parameterType="double" resultType="Address">
		select a.sidoName, a.gugunName, a.dongName, a.dongCode, a.lat, a.lng, 
		round(sqrt(pow(((cos(a.lat)*6400*2*3.14/360)*lngDiff), 2)+pow(111*latDiff, 2)), 2) as distance
		from (
			select sidoName, gugunName, dongName, dongCode, lat, lng, lat-#{curLat} as latDiff, lng-#{curLng} as lngDiff
			from baseaddress
			) as a
		order by distance
		limit 15;
	</select>
	
</mapper>