<?xml version="1.0" encoding="UTF-8"?>
<!DOCTYPE mapper PUBLIC "-//mybatis.org//DTD Mapper 3.0//EN" 
	"http://mybatis.org/dtd/mybatis-3-mapper.dtd">
	
<mapper namespace="com.ssafy.happyhouse.model.mapper.UserMapper">
	
	<select id="idCheck" parameterType="string" resultType="int">
		select count(userId)
		from user
		where userId = #{checkId}
	</select>
	
	<insert id="registerUser" parameterType="UserDto">
		insert into user (userId, password, email, userName, address, phone, description)
		values (#{userId}, #{password}, #{email}, #{userName}, #{address}, #{phone}, 'Please writing your description')
	</insert>
	
	<select id="getUser" parameterType="String" resultType="UserDto">
		select *
		from user
		where userId = #{userId}
	</select>
	
	<select id="findPassword" parameterType="map" resultType="string">
		select password
		from user
		where userId = #{userId} and email = #{email}
	</select>
	
	<delete id="deleteUser" parameterType="String">
		delete from user
		where userId = #{userId}
	</delete>
	
	<select id="login" parameterType="userDto" resultType="userDto">
		select userId, userName, address, phone
		from user
		where userId = #{userId} and password = #{password}
	</select>
	
	<update id="saveRefreshToken" parameterType="map">
		update user
		set token = #{token}
		where userId = #{userId}
	</update>
	
	<select id="userInfo" parameterType="String" resultType="userDto">
		select userId, email, userName, address, phone, description
		from user
		where userId = #{userId}
	</select>
	
	<select id="getRefreshToken" parameterType="String" resultType="String">
		select token
		from user
		where userId = #{userId}
	</select>
	
	<update id="deleteRefreshToken" parameterType="Map">
		update user
		set token = #{token, jdbcType=VARCHAR}
		where userId = #{userId}
	</update>
	
	<update id="updateDesc" parameterType="userDto">
		update user
		set description= #{description}, address = #{address}, email = #{email}, phone = #{phone}
		where userId = #{userId}
	</update>
</mapper>